raw_name,canonical_name,domain,sim,ai,same_company,labeller
Letter AI,Letter,letter.co,1.0,True,,
Vango AI,VanGo,ridevango.com,1.0,True,,
Upsolve AI,Upsolve,upsolve.org,1.0,True,,
Axiom,Axiom.ai,axiom.ai,1.0,True,,
Leaping AI,Leaping,leaping.io,1.0,True,,
Bizzy AI,Bizzy,bizzy.io,1.0,True,,
Compose.ai,Compose,mongohq.com,1.0,True,,
Squire.ai,Squire Technologies,getsquire.com,1.0,True,,
Paragon AI,Paragon,useparagon.com,1.0,True,,
Vango AI,VanGo,ridevango.com,1.0,True,,
K-Scale Labs,Scale AI,scale.com,1.0,True,,
Axiom,Axiom.ai,axiom.ai,1.0,True,,
Leaping AI,Leaping,leaping.io,1.0,True,,
Remy AI,Remy,startremy.com,1.0,True,,
Autumn AI,Autumn Labs,autumnlabs.io,1.0,True,,
Ocular Technologies,Ocular AI,useocular.com,1.0,True,,
Bild.,Bild AI,bild.ai,1.0,True,,
Speak Ai,Speak,speak.com,1.0,True,,
TARA,Tara AI,tara.ai,1.0,True,,
Rally AI,Rally,rally.video,1.0,True,,
Co-Tasker,Tasker AI,tasker.ai,1.0,True,,
Kura Technologies,Kura AI,trykura.com,1.0,True,,
Flow.ai,Flow,enterflow.app,1.0,True,,
Superpowered,Superpowered AI,superpowered.ai,1.0,True,,
Mica,Mica AI,usemica.com,1.0,True,,
Bild,Bild AI,bild.ai,1.0,True,,
Vector.ai,Vector,vector.co,1.0,True,,
Branch,Branch AI,branch-ai.com,1.0,True,,
AI Camp Incorporated,Camp,nouns.camp,1.0,,,
Atomic AI,Atomic,atomicvest.com,1.0,True,,
Ora,Ora AI,oraai.com,1.0,True,,
Slang.ai,Slang,slang.ai,1.0,True,,
Biodock AI,Biodock,biodock.ai,1.0,True,,
Aware.ai,Aware,awarelabs.xyz,1.0,True,,
Kura,Kura AI,trykura.com,1.0,True,,
Astronome,Astronome AI,astronome.ai,1.0,True,,
AI Motion,Motion,usemotion.com,1.0,True,,
Observe,Observe.AI,observe.ai,1.0,True,,
InFLOWS AI,InFLOWS,inflows-ai.com,1.0,True,,
Kura Technologies,Kura AI,trykura.com,1.0,True,,
THEO,Theo AI,theoai.ai,1.0,True,,
Titan AI,Titan,titan.com,1.0,True,,
Waypoint AI,Waypoint,usewaypoint.com,1.0,True,,
Pace,Pace AI,paceup.com,1.0,True,,
Bloomsbury,Bloomsbury AI,bloomsbury.ai,1.0,True,,
Persona AI,Persona,personastudios.ai,1.0,True,,
Rhythmm AI,Rhythmm,getrhythmm.com,1.0,True,,
ShipShape,Shipshape AI,shipshape.ai,1.0,True,,
Obviously.AI,Obviously,obviously.ai,1.0,True,,
Wedy AI,Wedy,wedyapp.com,1.0,True,,
Opencall,Opencall.ai,opencall.ai,1.0,True,,
Elixir,Elixir AI,joinelixir.club,1.0,True,,
Harmonic,Harmonic.ai,harmonic.ai,1.0,True,,
Cinnamon,Cinnamon AI,cinnamon.ai,1.0,True,,
Recall,Recall.ai,recall.ai,1.0,True,,
Fal.ai,Fal,fal.ai,1.0,True,,
Graph AI,Graph,graph.finance,1.0,True,,
Modelcode,Modelcode AI,modelcode.ai,1.0,True,,
Red Hat AI,Red Hat,redhat.com,1.0,True,,
Sesame,Sesame AI,sesame.com,1.0,True,,
Adept AI Labs,Adept,adept.ai,1.0,True,,
superb,Superb AI,superb-ai.com,1.0,True,,
Zhipu AI,Zhipu,zhipuai.cn,1.0,True,,
Drive.ai,Drive Software Solutions,drivesoftwaresolutions.com,1.0,True,,
Find Ai,FIND,myfind.ai,1.0,True,,
Multiplier,Multiplier AI Solutions,multipliersolutions.com,1.0,True,,
StrongRoom AI,Strongroom Solutions,strongroomsolutions.com,1.0,True,,
Inworld,Inworld AI,inworld.ai,1.0,True,,
Preface,Preface AI,preface.ai,1.0,True,,
Perry AI,Perry,heyperry.com,1.0,True,,
Lyrebird.ai,Lyrebird,lyrebird.ai,1.0,True,,
Morpho,Morpho AI Solutions,morphoai.com,1.0,True,,
Shizuku AI,Shizuku,shizuku.co.jp,1.0,True,,
Viggle,Viggle AI,viggle.ai,1.0,True,,
Compose.ai,Compose,mongohq.com,1.0,True,,
Squire.ai,Squire Technologies,getsquire.com,1.0,True,,
Paragon AI,Paragon,useparagon.com,1.0,True,,
K-Scale Labs,Scale AI,scale.com,1.0,True,,
David AI,David,shipdavid.com,1.0,True,,
Remy AI,Remy,startremy.com,1.0,True,,
Autumn AI,Autumn Labs,autumnlabs.io,1.0,True,,
Kino,Kino AI,kino.ai,1.0,True,,
Letter AI,Letter,letter.co,1.0,True,,
Upsolve AI,Upsolve,upsolve.org,1.0,True,,
Dedalo AI,Dedalo,dedalo.ai,1.0,True,,
David AI,David,shipdavid.com,1.0,True,,
Sage,Sage AI,sage-ai.dev,1.0,True,,
Bizzy AI,Bizzy,bizzy.io,1.0,True,,
Weave.ai,Weave,getweave.com,1.0,True,,
People's Software,People.ai,people.ai,1.0,True,,
Galaxy AI,Galaxy,galaxysdk.com,1.0,True,,
Diana AI,Diana,getdiana.com,1.0,True,,
Kodex AI,Kodex,kodexglobal.com,1.0,True,,
Atlas AI,Atlas,atlascard.com,1.0,True,,
Cyphr,Cyphr AI,cyphrai.com,1.0,True,,
pulley.ai,Pulley,pulley.com,1.0,True,,
Sketchdeck.ai,SketchDeck,sketchdeck.com,1.0,True,,
Scale,Scale AI,scale.com,1.0,True,,
Maya Ai,Maya Labs,mayalabs.io,1.0,True,,
Overwatch AI,Overwatch,overwatchdata.ai,1.0,True,,
Bild Corp,Bild AI,bild.ai,1.0,True,,
Mutable,mutable.ai,mutable.ai,1.0,True,,
Captain AI,Captain,runcaptain.com,1.0,True,,
Senso.ai,Senso,senso.ai,1.0,True,,
Spect AI,Spect,getspect.com,1.0,True,,
Ground,Ground AI,joinground.com,1.0,True,,
Aether AI,Aether,tryaether.co,1.0,True,,
Trellis,Trellis AI,runtrellis.com,1.0,True,,
Kintsugi AI,Kintsugi,trykintsugi.com,1.0,True,,
Ambient,Ambient.ai,ambient.ai,1.0,True,,
Capsa AI,Capsa Technology,getcapsa.com,1.0,True,,
ORA,Ora AI,oraai.com,1.0,True,,
Illumicell AI,Illumicell,illumicell.ai,1.0,True,,
Valley AI,Valley,joinvalley.co,1.0,True,,
Genie AI,Genie,genieframework.com,1.0,True,,
Drip.AI,Drip,dripapp.com.br,1.0,,,
Pair,Pair AI,pairai.com,1.0,True,,
Granular,Granular.ai,granular.ai,1.0,True,,
Flow AI,Flow,enterflow.app,1.0,True,,
AI Build,Build Lab,ai-build.com,1.0,True,,
Avenir AI,Avenir Labs,joinavenir.com,1.0,True,,
Autohub ai,AutoHub,autohub.io,1.0,True,,
Cofi.ai,CoFi,cofisoftware.com,1.0,True,,
Embrace.Ai,Embrace,embrace.io,1.0,True,,
Level AI,Level,trylevel.app,1.0,False,,
Sanas,Sanas.AI,sanas.ai,1.0,True,,
Waydev AI,Waydev,waydev.co,1.0,True,,
Uncharted AI,Uncharted,uncharted.gg,1.0,,,
Factory,Factory AI,f7i.ai,1.0,True,,
Jasper,Jasper.ai,jasper.ai,1.0,True,,
Resolve AI,Resolve,resolvebim.com,1.0,True,,
Multi,Multi AI,multi.ai,1.0,True,,
Rosebud,Rosebud AI,rosebud.ai,1.0,True,,
Seam AI,Seam,seam.co,1.0,True,,
Zuzu,Zuzu AI,zuzu.ai,1.0,True,,
Riley AI,Riley,getrileynow.com,1.0,True,,
Atero,Atero AI,atero.ai,1.0,True,,
AI-Prime,Prime,ai-prime.com,1.0,True,,
Coactive,Coactive AI,coactive.ai,1.0,True,,
DeepMap.ai,DeepMap,deepmap.ai,1.0,True,,
DELV,Delv AI,delv.ai,1.0,True,,
gooddata.ai,GoodData,gooddata.com,1.0,True,,
Hebbia,Hebbia.AI,hebbia.ai,1.0,True,,
Ventrilo,Ventrilo.ai,ventrilo.ai,1.0,True,,
Wabi AI,Wabi,wabi.build,1.0,True,,
Credo AI,Credo,credots.com,1.0,True,,
Smartex,Smartex.ai,smartex.ai,1.0,True,,
Conexus,Conexus AI,conexus.com,1.0,True,,
Cynch,Cynch AI,cynch.ai,1.0,True,,
AI Music,Music Lab,musiclab.co.il,1.0,True,,
Leo AI,LeO,meetleo.co,1.0,True,,
Hailo,Hailo AI,hailo.ai,1.0,True,,
Dunia.ai,Dunia Technology Solutions,duniatech.com,1.0,True,,
Neo,Neo AI,neoai.jp,1.0,True,,
Edvisor.ai,Edvisor.io,edvisor.io,1.0,True,,
Conan,Conan AI,conan.ltd,1.0,True,,
Athenic 2.0,Athenic AI,athenic.com,1.0,True,,
Poseidon,Poseidon AI,psdn.ai,1.0,True,,
Prosper AI,Prosper,getprosper.ai,1.0,True,,
Rollup AI,Rollup,rollup.ai,1.0,True,,
GetVocal AI,GetVocal,getvocal.com,1.0,True,,
Vertikal X,Vertikal AI,vertikal-ai.com,1.0,True,,
Ama AI,AMA Solutions,ama-solutions.com,1.0,True,,
Veer,Veer AI,veer.ai,1.0,True,,
Wobo 2.0,Wobo AI,wobo.ai,1.0,True,,
Xpressive,Xpressive AI,xpressive.ai,1.0,True,,
Wit,Wit.ai,wit.ai,1.0,True,,
Chemical.io,Chemical.AI,chemical.ai,1.0,True,,
Theremin I/O,Theremin.ai,theremin.ai,1.0,True,,
Myth,MYTH AI,myth-ai.com,1.0,True,,
EDI,EDI.ai,edi.ai,1.0,True,,
Voice,Voice AI,voice.ai,1.0,True,,
Team,Team.ai,team.ai,1.0,True,,
Velo,velo.ai,velo.ai,1.0,True,,
Insight AI,Insight Tech,insight-tech.co.jp,1.0,True,,
DeepForge,Deepforge AI,deepforgeai.com,1.0,True,,
Sourcery,Sourcery.AI,sourcery.ai,1.0,True,,
#Startup,Startup AI,startupai.ai,1.0,True,,
Micro,Micro.ai,micro.ai,1.0,True,,
Klart,Klart AI,klartai.com,1.0,True,,
Tomato,Tomato AI,tomatoai.it,1.0,True,,
Enlight,Enlight-AI,enlight.nyc,1.0,True,,
Tara,Tara AI,tara.ai,1.0,True,,
Primo,PRIMO AI,voiceprimo.com,1.0,True,,
Reclaim,Reclaim.ai,reclaim.ai,1.0,True,,
Tact,Tact.ai,tact.ai,1.0,True,,
Beacon,Beacon AI,beaconai.co,1.0,True,,
Find AI,Find,finds.co.jp,1.0,True,,
Remove-bg,Remove-BG AI,remove-bg.ai,1.0,True,,
Soapbox,SoapBox.ai,soapbox.ai,1.0,True,,
Convect,Convect AI,convect.ai,1.0,True,,
Napkin,Napkin AI,thenapkinai.com,1.0,True,,
Spice.ai,Spice,spiceprotocol.xyz,1.0,True,,
Pony,Pony.ai,pony.ai,1.0,True,,
Zipy.ai,Zipy,zipy.co.il,1.0,True,,
Factual AI Q&A,Factual,factual.com,1.0,True,,
Ellie,Ellie.ai,ellie.ai,1.0,True,,
Discourse,discourse.ai,discourse.ai,1.0,True,,
Docu,Docu.ai,docu.ai,1.0,True,,
Darwin,Darwin AI,getdarwin.ai,1.0,True,,
CodeMate,CodeMate AI,codemate.ai,1.0,True,,
Trilogy,Trilogy AI,trilogyai.ca,1.0,True,,
AI OmniGen,Omnigen,omnigen.gr,1.0,True,,
PreCog AI,Precog,precog.com,1.0,True,,
Opper AI,Opper,opper.nl,1.0,True,,
AI Timeline,Timeline,timeline.ae,1.0,True,,
Sundial,Sundial.ai,sundial.ai,1.0,True,,
Veil,Veil.ai,veil.ai,1.0,True,,
Klaus,Klaus AI,klausai.com,1.0,True,,
Mediator.ai,Mediator,mediator.as,1.0,True,,
Output.ai,Output,output.com,1.0,True,,
Codigo,Codigo AI,codigo.ai,1.0,True,,
Vet,Vet-AI,vet-ai.com,1.0,True,,
Tasker,Tasker AI,tasker.ai,1.0,True,,
Bonobo AI,Bonobo,bonobolabs.com,1.0,True,,
