country,bucket,n,share_of_bucket_pct
Luxembourg,hidden,17,0.07
Bosnia and Herzegovina,cb,9,0.0
Argentina,pb,296,0.11
Poland,pb,1529,0.54
Peterborough,hidden,1,0.0
India,hidden_on_li,67,4.15
Malaysia,hidden_on_li,1,0.06
Florida,hidden,3,0.01
Bay Area,hidden_on_li,1,0.06
Indonesia,cb,4436,0.69
Belarus,hidden_on_li,1,0.06
Andorra,cb,1,0.0
Odisha,hidden,1,0.0
Zambia,cb,75,0.01
DC,hidden,2,0.01
Saudi Arabia,hidden_on_li,4,0.25
ON,hidden,1,0.0
Arkansas,hidden,1,0.0
Israel,pb,1262,0.45
Chad,hidden,1,0.0
Papua New Guinea,cb,1,0.0
Kraków,hidden,1,0.0
France,pb,8086,2.87
Turkiye,hidden,1,0.0
Myanmar,pb,69,0.02
Kosovo,cb,1,0.0
Barbados,cb,1,0.0
Israel,cb,6633,1.03
Brazil,cb,18171,2.82
Bangladesh,hidden_on_li,1,0.06
Bulgaria,hidden,29,0.11
Georgia,pb,52,0.02
Singapore,cb,6994,1.08
Philippines,cb,1537,0.24
South Sudan,hidden,2,0.01
Bangladesh,hidden,34,0.13
South,hidden,13,0.05
Taiwan,pb,414,0.15
Sri Lanka,hidden,10,0.04
Mississippi,hidden,1,0.0
Karnataka 560001,hidden,1,0.0
Syria,cb,2,0.0
Mozambique,cb,2,0.0
Morocco,pb,104,0.04
Addis Ababa,hidden,1,0.0
PA,hidden,1,0.0
Cambodia,pb,83,0.03
Taiwan,cb,1520,0.24
Georgia,hidden,10,0.04
Iceland,pb,124,0.04
United Arab Emirates,hidden,61,0.23
New Zealand,hidden_on_li,19,1.18
Mexico,pb,1097,0.39
Nigeria,pb,309,0.11
United States,hidden_on_li,696,43.07
Saudi Arabia,hidden,19,0.07
Colombia,hidden_on_li,9,0.56
Palestine,cb,1,0.0
Malawi,hidden,1,0.0
Oregon,hidden,2,0.01
Vietnam,pb,1030,0.37
Peru,cb,601,0.09
Bulgaria,cb,953,0.15
Angola,cb,1,0.0
Ecuador,hidden,2,0.01
Greece,pb,284,0.1
Indonesia,hidden,100,0.39
Delhi,hidden,1,0.0
Azerbaijan,cb,221,0.03
Norway,hidden,87,0.33
Qatar,cb,289,0.04
Luxembourg,cb,66,0.01
Belize,cb,3,0.0
Argentina,cb,2806,0.43
Chile,hidden,27,0.1
Malaysia,pb,1236,0.44
Lebanon,hidden,1,0.0
United States,pb,139458,49.56
Shanxi,hidden,1,0.0
Utah,hidden,3,0.01
Ecuador,pb,42,0.01
BRA,hidden,1,0.0
Finland,hidden,122,0.47
Zhejiang Prov. China,hidden,1,0.0
Portugal,cb,2998,0.46
Puerto Rico,hidden_on_li,1,0.06
Alabama,hidden,1,0.0
Azerbaijan,pb,26,0.01
Jamaica,cb,96,0.01
Bulgaria,pb,329,0.12
Bay Area,hidden,3,0.01
Libya,cb,1,0.0
Punjab,hidden,1,0.0
United Kingdom,hidden,1272,4.9
Lithuania,hidden_on_li,1,0.06
Gujarat,hidden,3,0.01
Tanzania,cb,11,0.0
PRC,hidden,1,0.0
Madagascar,cb,3,0.0
Ukraine,hidden_on_li,3,0.19
Saraburi,hidden,1,0.0
Germany,cb,22443,3.48
Uganda,cb,287,0.04
North Macedonia,hidden,3,0.01
Mexico,hidden_on_li,13,0.8
Seychelles,hidden,2,0.01
Kazakhstan,cb,221,0.03
Iceland,hidden,10,0.04
Tanzania,hidden,6,0.02
Saint Kitts and Nevis,cb,5,0.0
Ilala,hidden,1,0.0
Oman,hidden,2,0.01
US.,hidden,1,0.0
Georgia,cb,210,0.03
Guyana,cb,1,0.0
Montenegro,pb,18,0.01
Netherlands,cb,12959,2.01
Italy,hidden_on_li,16,0.99
Japan,pb,4376,1.56
Ecuador,hidden_on_li,1,0.06
Belgium,cb,4476,0.69
People's Republic of China,hidden,1,0.0
New Zealand,cb,2445,0.38
Nigeria,hidden,141,0.54
Estonia,cb,1805,0.28
Slovenia,cb,509,0.08
Sweden,hidden,192,0.74
Switzerland,hidden_on_li,16,0.99
Hong Kong,hidden,85,0.33
Denmark,hidden_on_li,8,0.5
ODISHA,hidden,1,0.0
Ghana,hidden,8,0.03
Mexico,hidden,49,0.19
Morocco,cb,428,0.07
Ghana,hidden_on_li,2,0.12
Hungary,cb,1273,0.2
Namibia,cb,3,0.0
Minsk,hidden,1,0.0
New Zealand,pb,877,0.31
Latvia,cb,500,0.08
MP,hidden,2,0.01
United Arab Emirates,cb,5906,0.92
Argentina,hidden,87,0.33
Malta,cb,23,0.0
Croatia,hidden,25,0.1
Czech Republic,pb,603,0.21
Kenya,hidden_on_li,3,0.19
EU,hidden,1,0.0
Jordan,pb,103,0.04
Brazil,pb,2784,0.99
Trinidad and Tobago,cb,20,0.0
95051,hidden,1,0.0
Qatar,hidden,1,0.0
Denmark,hidden,99,0.38
Peru,hidden,10,0.04
Zambia,pb,45,0.02
Russia,cb,2846,0.44
Moldova,hidden,2,0.01
Pakistan,pb,243,0.09
Sweden,cb,7033,1.09
Armenia,pb,23,0.01
Cayman Islands,hidden,1,0.0
Croatia,cb,650,0.1
Podgorica,hidden,1,0.0
Haiti,cb,1,0.0
Nepal,cb,19,0.0
Netherlands,pb,4713,1.68
Singapore,hidden,225,0.87
Moldova,cb,5,0.0
New Zealand,hidden,39,0.15
Tanzania,pb,56,0.02
Ghana,cb,422,0.07
United States,cb,221233,34.28
Norway,pb,2115,0.75
Senegal,hidden,1,0.0
South Korea,cb,7917,1.23
Mexico,cb,6070,0.94
China,pb,10226,3.63
United States,hidden,14733,56.73
Albania,cb,5,0.0
Colombia,pb,341,0.12
United Kingdom,cb,45626,7.07
Turkey,hidden_on_li,5,0.31
Panama,hidden_on_li,2,0.12
S. Korea,hidden,1,0.0
Austria,cb,2417,0.37
Algeria,cb,11,0.0
Japan,cb,17498,2.71
Panama,pb,61,0.02
CA ☀️,hidden,1,0.0
Norway,hidden_on_li,12,0.74
Slovakia,cb,86,0.01
Iran,cb,44,0.01
Burkina Faso,cb,1,0.0
Uruguay,pb,38,0.01
Luxembourg,hidden_on_li,4,0.25
Berlin,hidden,1,0.0
Mongolia,pb,39,0.01
Dominican Republic,cb,13,0.0
Australia,hidden,227,0.87
Senegal,cb,95,0.01
Italy,pb,3381,1.2
Australia,pb,6227,2.21
Japan,hidden_on_li,28,1.73
Hungary,hidden,35,0.13
Vietnam,hidden,63,0.24
South Africa,hidden,35,0.13
Brunei,cb,1,0.0
Jordan,hidden,4,0.02
Switzerland,pb,2094,0.74
Bolivia,hidden,1,0.0
Kazakhstan,pb,101,0.04
Romania,cb,205,0.03
Spain,hidden,402,1.55
Tajikistan,cb,1,0.0
Cameroon,cb,146,0.02
Bahrain,cb,15,0.0
Democratic Republic of the Congo,cb,1,0.0
United Kingdom,hidden_on_li,132,8.17
Sweden,hidden_on_li,16,0.99
Czech Republic,hidden_on_li,3,0.19
Nigeria,cb,2347,0.36
Philippines,hidden,23,0.09
Thailand,hidden,23,0.09
Rwanda,cb,4,0.0
Egypt,pb,259,0.09
Isle of Man,cb,2,0.0
MA 02139,hidden,1,0.0
KOLKATA,hidden,1,0.0
Volta street 13,hidden_on_li,1,0.06
Colorado,hidden,1,0.0
Paraguay,hidden,1,0.0
Serbia,cb,663,0.1
Belgium,hidden_on_li,9,0.56
Zimbabwe,cb,4,0.0
Saudi Arabia,pb,508,0.18
España,hidden,3,0.01
SP,hidden,1,0.0
Europe,hidden_on_li,1,0.06
LA,hidden_on_li,1,0.06
Ukraine,cb,2653,0.41
Indonesia,hidden_on_li,11,0.68
Greece,cb,1543,0.24
Dhaka,hidden,1,0.0
Iraq,cb,2,0.0
Morocco,hidden,10,0.04
United States of America,hidden,4,0.02
Egypt,hidden_on_li,3,0.19
Latvia,hidden,11,0.04
China,hidden_on_li,47,2.91
Bosnia & Herzegovina,hidden,1,0.0
Kenya,hidden,179,0.69
Colombia,cb,3402,0.53
Finland,pb,1634,0.58
Karnataka,hidden,6,0.02
Nepal,pb,332,0.12
WB,hidden,1,0.0
Armenia,hidden,5,0.02
Finland,hidden_on_li,9,0.56
Italy,cb,12895,2.0
Guatemala,cb,12,0.0
Uzbekistan,hidden,3,0.01
Thailand,cb,1036,0.16
USA,hidden,17,0.07
Bangladesh,pb,191,0.07
Chile,hidden_on_li,4,0.25
NP,hidden,1,0.0
Israel,hidden_on_li,23,1.42
Slovakia,hidden_on_li,1,0.06
Pisa (Italy),hidden,1,0.0
ROC,hidden,1,0.0
Guernsey,hidden,1,0.0
Taiwan,hidden,47,0.18
Kuwait,pb,78,0.03
Thailand,hidden_on_li,1,0.06
Netherlands,hidden_on_li,52,3.22
Czech Republic,hidden,51,0.2
Hong Kong,cb,2997,0.46
Cyprus,hidden,46,0.18
Venezuela,hidden,3,0.01
Bucharest,hidden,1,0.0
Slovenia,hidden,28,0.11
Zambia,hidden_on_li,1,0.06
Turkey,cb,7598,1.18
Rest of the world,hidden_on_li,1,0.06
Turkey,hidden,89,0.34
Brazil,hidden_on_li,20,1.24
LON 11.568161),hidden,1,0.0
Anguilla,cb,2,0.0
Bangladesh,cb,1719,0.27
Mali,cb,1,0.0
South,hidden_on_li,1,0.06
Beijing,hidden,2,0.01
France,cb,20224,3.13
Singapore,hidden_on_li,23,1.42
Democratic Republic of the Congo,hidden,2,0.01
Niigata Prefecture,hidden,1,0.0
Jordan,cb,419,0.06
Nicaragua,cb,1,0.0
Illinois,hidden,1,0.0
São Paulo,hidden,1,0.0
India,cb,54428,8.43
Cameroon,hidden,3,0.01
Hong Kong,hidden_on_li,11,0.68
Bahrain,hidden,1,0.0
Canada,hidden,503,1.94
Canada,cb,22246,3.45
Eswatini,hidden,1,0.0
Sri Lanka,hidden_on_li,1,0.06
Belarus,hidden,3,0.01
Montenegro,hidden,1,0.0
TÜRKİYE,hidden,1,0.0
Uruguay,hidden,1,0.0
Tamilnadu,hidden,1,0.0
El Salvador,cb,8,0.0
Portugal,hidden_on_li,7,0.43
Egypt,cb,1517,0.24
Ohio,hidden,1,0.0
University of Ljubljana,hidden,1,0.0
Brazil,hidden,160,0.62
Lebanon,pb,40,0.01
Ireland,pb,1283,0.46
Chernihiv,hidden,1,0.0
BC,hidden,3,0.01
Afghanistan,cb,1,0.0
Washington,hidden,1,0.0
Israel,hidden,198,0.76
Germany,pb,8349,2.97
Austria,pb,911,0.32
Lithuania,hidden,26,0.1
South Korea,pb,2706,0.96
Hungary,hidden_on_li,2,0.12
Bologna,hidden,1,0.0
Ontario,hidden,4,0.02
Hunan,hidden,1,0.0
Czech Republic,cb,2187,0.34
Rwanda,hidden,1,0.0
Ireland,hidden,74,0.28
Madhya Predesh,hidden,1,0.0
North Macedonia,cb,7,0.0
Malta,hidden,3,0.01
Türkiye,hidden,1,0.0
Switerland,hidden,1,0.0
The Netherlands,hidden_on_li,3,0.19
Lebanon,cb,487,0.08
Kenya,pb,230,0.08
California,hidden,13,0.05
Finland,cb,2910,0.45
Uganda,pb,82,0.03
Sichuan,hidden,1,0.0
Sweden,pb,4474,1.59
Tunisia,hidden,9,0.03
Portugal,hidden,112,0.43
Algeria,pb,17,0.01
Antigua and Barbuda,cb,1,0.0
Austria,hidden,101,0.39
Kazan,hidden,1,0.0
11.27507,hidden,1,0.0
Minnesota,hidden,1,0.0
North,hidden,1,0.0
Malaysia,cb,2106,0.33
Chile,cb,2193,0.34
Senegal,pb,30,0.01
Macao,cb,2,0.0
Qatar,pb,101,0.04
Luxembourg,pb,325,0.12
Kyrgyzstan,cb,4,0.0
Uzbekistan,cb,60,0.01
Estonia,hidden_on_li,2,0.12
Cambodia,cb,10,0.0
Peru,pb,199,0.07
Lithuania,cb,1106,0.17
Cayman Islands,cb,20,0.0
Iraq,hidden_on_li,1,0.06
China,cb,17876,2.77
Panama,hidden,1,0.0
Estonia,hidden,55,0.21
Botswana,cb,3,0.0
Saudi Arabia,cb,1335,0.21
Slovakia,hidden,13,0.05
Honduras,cb,2,0.0
Pakistan,hidden,57,0.22
Dominican Republic,hidden,1,0.0
Nigeria,hidden_on_li,22,1.36
Germany,hidden_on_li,70,4.33
Kenya,cb,981,0.15
Russia,hidden_on_li,3,0.19
Sri Lanka,cb,149,0.02
Japan,hidden,566,2.18
prev DC.,hidden,1,0.0
Oman,cb,9,0.0
Bolivia,pb,11,0.0
Thailand (Open to Remote),hidden,1,0.0
Romania,hidden_on_li,1,0.06
Paris,hidden,1,0.0
Andhra Pradesh,hidden,1,0.0
Ethiopia,hidden,12,0.05
Ethiopia,cb,179,0.03
Rostov-on-Don,hidden,1,0.0
Paraguay,cb,6,0.0
Texas,hidden,3,0.01
South Africa,hidden_on_li,4,0.25
Greece,hidden,157,0.6
Poland,hidden_on_li,6,0.37
Somalia,cb,1,0.0
Denmark,cb,4052,0.63
the Netherlands,hidden,4,0.02
United Arab Emirates,hidden_on_li,5,0.31
Gibraltar,cb,6,0.0
Spain,hidden_on_li,16,0.99
Montenegro,cb,2,0.0
Greece,hidden_on_li,1,0.06
Indonesia.,hidden,1,0.0
Tanzania,hidden_on_li,1,0.06
Côte d'Ivoire,cb,77,0.01
Namibia,hidden,1,0.0
Uruguay,cb,359,0.06
Saint Lucia,cb,2,0.0
Australia,cb,16583,2.57
Iran,hidden,6,0.02
Brasil,hidden,4,0.02
Serbia,pb,154,0.05
Cyprus,hidden_on_li,1,0.06
Slovenia,pb,118,0.04
Hooghly,hidden,1,0.0
Spain,cb,12894,2.0
Bermuda,cb,3,0.0
Apeldoorn,hidden,1,0.0
Belgium,hidden,102,0.39
Spain,pb,3129,1.11
Switzerland,cb,8910,1.38
Ireland,cb,3325,0.52
Serbia,hidden,29,0.11
Kazakhstan,hidden,6,0.02
Jersey,cb,2,0.0
Australia,hidden_on_li,47,2.91
U.S,hidden,1,0.0
NYC,hidden,1,0.0
Myanmar,hidden,1,0.0
Mainland China,hidden,1,0.0
Belgium,pb,1657,0.59
Colombia,hidden,44,0.17
Philippines,hidden_on_li,5,0.31
South Carolina,hidden,1,0.0
Ecuador,cb,275,0.04
Maldives,cb,1,0.0
Martinique,cb,1,0.0
Ukraine,pb,233,0.08
Estonia,pb,329,0.12
Seoul,hidden,1,0.0
Romania,hidden,51,0.2
Austria,hidden_on_li,5,0.31
Hong Kong,pb,848,0.3
United Kingdom,pb,23299,8.28
South Africa,pb,1149,0.41
Pakistan,cb,2481,0.38
Lesotho,cb,1,0.0
Switzerland,hidden,215,0.83
Germany,hidden,785,3.02
Indonesia,pb,899,0.32
Malaysia,hidden,20,0.08
Chennai,hidden,1,0.0
Portugal,pb,621,0.22
Mauritius,hidden,1,0.0
Philippines,pb,354,0.13
Singapore,pb,1937,0.69
UCL,hidden,1,0.0
Cameroon,pb,17,0.01
Costa Rica,cb,18,0.0
Gabon,cb,1,0.0
Jharkhand,hidden,1,0.0
the only planet inhabited by robots,hidden,1,0.0
Seychelles,hidden_on_li,1,0.06
Uzbekistan,pb,49,0.02
Slovakia,pb,161,0.06
France,hidden,427,1.64
Croatia,pb,207,0.07
Universe,hidden,1,0.0
Netherlands,hidden,303,1.17
Lahore,hidden,1,0.0
75080,hidden,1,0.0
USA,hidden_on_li,1,0.06
Argentina,hidden_on_li,6,0.37
Zagreb,hidden,1,0.0
AB,hidden,1,0.0
Seychelles,cb,8,0.0
China,hidden,817,3.15
India,pb,7457,2.65
up(india),hidden,1,0.0
Nepal,hidden,8,0.03
Mongolia,cb,99,0.02
Tunisia,cb,57,0.01
Romania,pb,513,0.18
Chile,pb,373,0.13
Kuwait,cb,220,0.03
Venezuela,cb,7,0.0
Sri Lanka,pb,149,0.05
18940 USA,hidden,1,0.0
Turkey,pb,847,0.3
Russia,hidden,49,0.19
Mauritius,cb,10,0.0
Norway,cb,2850,0.44
Belarus,cb,28,0.0
Denmark,pb,2011,0.71
Thailand,pb,680,0.24
India,hidden,957,3.68
Taiwan,hidden_on_li,4,0.25
Vietnam,cb,2181,0.34
Maharashtra,hidden,2,0.01
Algeria,hidden,5,0.02
Benin,hidden_on_li,1,0.06
The Netherlands,hidden,6,0.02
South Africa,cb,4933,0.76
Latvia,pb,168,0.06
Armenia,cb,261,0.04
200240,hidden,1,0.0
Pakistan,hidden_on_li,6,0.37
Cayman Islands,pb,1,0.0
Canada,pb,14563,5.18
Peru,hidden_on_li,2,0.12
Panama,cb,256,0.04
Liechtenstein,cb,9,0.0
Ghana,pb,97,0.03
Ukraine,hidden,53,0.2
Russia,pb,1570,0.56
France,hidden_on_li,51,3.16
South Korea,hidden,468,1.8
Lithuania,pb,257,0.09
Egypt,hidden,54,0.21
Iceland,cb,26,0.0
Italy,hidden,393,1.51
Poland,cb,4634,0.72
H3A 1X1,hidden,1,0.0
Benin,cb,2,0.0
Hungary,pb,352,0.13
South Korea,hidden_on_li,13,0.8
Uganda,hidden,6,0.02
Myanmar,cb,3,0.0
Poland,hidden,116,0.45
Ireland,hidden_on_li,7,0.43
Near  by Woolf University(SFO International Airport),hidden,1,0.0
United Arab Emirates,pb,1043,0.37
Bolivia,cb,87,0.01
Sudan,cb,1,0.0
Vietnam,hidden_on_li,7,0.43
Bhutan,cb,2,0.0
Canada,hidden_on_li,29,1.79
Zambia,hidden,1,0.0
Ethiopia,pb,24,0.01
Nevada,hidden,1,0.0
Cyprus,cb,83,0.01
North Macedonia,pb,44,0.02
Sierra Leone,cb,1,0.0
Chad,cb,1,0.0
